[{"model": "study_db.train", "pk": 13, "fields": {"name": "128"}}, {"model": "study_db.train", "pk": 14, "fields": {"name": "136"}}, {"model": "study_db.train", "pk": 15, "fields": {"name": "178"}}, {"model": "study_db.train", "pk": 16, "fields": {"name": "891"}}, {"model": "study_db.train", "pk": 17, "fields": {"name": "654"}}, {"model": "study_db.train", "pk": 18, "fields": {"name": "321"}}, {"model": "study_db.train", "pk": 19, "fields": {"name": "008"}}, {"model": "study_db.train", "pk": 20, "fields": {"name": "667"}}, {"model": "study_db.train", "pk": 21, "fields": {"name": "417"}}, {"model": "study_db.train", "pk": 22, "fields": {"name": "807"}}, {"model": "study_db.train", "pk": 23, "fields": {"name": "015"}}, {"model": "study_db.train", "pk": 24, "fields": {"name": "027"}}, {"model": "study_db.train", "pk": 25, "fields": {"name": "336"}}, {"model": "study_db.train", "pk": 26, "fields": {"name": "718"}}, {"model": "study_db.train", "pk": 27, "fields": {"name": "530"}}, {"model": "study_db.train", "pk": 28, "fields": {"name": "118"}}, {"model": "study_db.train", "pk": 29, "fields": {"name": "901"}}, {"model": "study_db.train", "pk": 30, "fields": {"name": "602"}}, {"model": "study_db.train", "pk": 31, "fields": {"name": "001"}}, {"model": "study_db.train", "pk": 32, "fields": {"name": "306"}}, {"model": "study_db.train", "pk": 33, "fields": {"name": "205"}}, {"model": "study_db.train", "pk": 34, "fields": {"name": "298"}}, {"model": "study_db.train", "pk": 35, "fields": {"name": "145"}}, {"model": "study_db.train", "pk": 36, "fields": {"name": "502"}}, {"model": "study_db.train", "pk": 37, "fields": {"name": "997"}}, {"model": "study_db.train", "pk": 38, "fields": {"name": "887"}}, {"model": "study_db.train", "pk": 39, "fields": {"name": "702"}}, {"model": "study_db.train", "pk": 40, "fields": {"name": "946"}}, {"model": "study_db.train", "pk": 41, "fields": {"name": "444"}}, {"model": "study_db.train", "pk": 42, "fields": {"name": "512"}}, {"model": "study_db.way", "pk": 16, "fields": {"name": "\u041a\u043e\u0432\u0435\u043b\u044c - \u0427\u0435\u0440\u043d\u0456\u0432\u0446\u0456", "train": "128", "stations": [14, 15, 16, 19, 40]}}, {"model": "study_db.way", "pk": 17, "fields": {"name": "\u041b\u044c\u0432\u0456\u0432 - \u0427\u043e\u043f", "train": "136", "stations": [15, 17, 18]}}, {"model": "study_db.way", "pk": 18, "fields": {"name": "\u041b\u044c\u0432\u0456\u0432 - \u041a\u0438\u0457\u0432", "train": "178", "stations": [15, 21, 41, 42]}}, {"model": "study_db.way", "pk": 19, "fields": {"name": "\u041b\u044c\u0432\u0456\u0432 - \u0406\u0432\u0430\u043d\u043e_\u0444\u0440\u0430\u043d\u043a\u0456\u0432\u0441\u044c\u043a", "train": "891", "stations": [15, 16]}}, {"model": "study_db.way", "pk": 20, "fields": {"name": "\u041b\u044c\u0432\u0456\u0432 - \u0412\u0456\u043d\u043d\u0438\u0446\u044f", "train": "654", "stations": [15, 23, 24, 41]}}, {"model": "study_db.way", "pk": 21, "fields": {"name": "\u0427\u0435\u0440\u043d\u0456\u0432\u0446\u0456 - \u041a\u0438\u0457\u0432", "train": "321", "stations": [19, 21, 23, 42]}}, {"model": "study_db.way", "pk": 22, "fields": {"name": "\u0427\u0435\u0440\u043d\u0456\u0432\u0446\u0456 - \u041e\u0434\u0435\u0441\u0430", "train": "008", "stations": [19, 29]}}, {"model": "study_db.way", "pk": 23, "fields": {"name": "\u0425\u043c\u0435\u043b\u044c\u043d\u0438\u0446\u044c\u043a\u0438\u0457 - \u041a\u0438\u0457\u0432", "train": "667", "stations": [22, 23, 24, 42]}}, {"model": "study_db.way", "pk": 24, "fields": {"name": "\u041a\u043e\u0432\u0435\u043b\u044c - \u041a\u0438\u0457\u0432", "train": "417", "stations": [21, 40, 42]}}, {"model": "study_db.way", "pk": 25, "fields": {"name": "\u041a\u043e\u0432\u0435\u043b\u044c - \u041e\u0434\u0435\u0441\u0430", "train": "807", "stations": [14, 24, 29, 40, 41]}}, {"model": "study_db.way", "pk": 26, "fields": {"name": "\u041a\u0438\u0457\u0432 - \u041e\u0434\u0435\u0441\u0430", "train": "015", "stations": [22, 29, 42]}}, {"model": "study_db.way", "pk": 27, "fields": {"name": "\u041a\u0438\u0457\u0432 - \u0427\u0435\u0440\u043a\u0430\u0441\u0438", "train": "027", "stations": [42, 43]}}, {"model": "study_db.way", "pk": 28, "fields": {"name": "\u041a\u0438\u0457\u0432 - \u0427\u0435\u0440\u043d\u0456\u0433\u0432", "train": "336", "stations": [25, 42]}}, {"model": "study_db.way", "pk": 29, "fields": {"name": "\u041a\u0438\u0457\u0432 - \u0425\u0430\u0440\u043a\u0456\u0432", "train": "718", "stations": [35, 39, 42]}}, {"model": "study_db.way", "pk": 30, "fields": {"name": "\u041a\u0438\u0457\u0432 -  \u041f\u043e\u043b\u0442\u0430\u0432\u0430", "train": "530", "stations": [34, 42]}}, {"model": "study_db.way", "pk": 31, "fields": {"name": "\u041a\u0438\u0457\u0432 - \u0414\u043d\u0456\u043f\u0440\u043e", "train": "118", "stations": [27, 38, 42, 43]}}, {"model": "study_db.way", "pk": 32, "fields": {"name": "\u0414\u043d\u0456\u043f\u0440\u043e - \u0417\u0430\u043f\u043e\u0440\u0456\u0436\u0436\u044f", "train": "901", "stations": [27, 28]}}, {"model": "study_db.way", "pk": 33, "fields": {"name": "\u0414\u043d\u0456\u043f\u0440\u043e - \u041e\u0434\u0435\u0441\u0430", "train": "901", "stations": [27, 29, 30, 33]}}, {"model": "study_db.way", "pk": 34, "fields": {"name": "\u041a\u0440\u043e\u043f\u0438\u0432\u043d\u0438\u0446\u044c\u043a\u0438\u0439 - \u041e\u0434\u0435\u0441\u0430", "train": "602", "stations": [26, 29, 30]}}, {"model": "study_db.way", "pk": 35, "fields": {"name": "\u0412\u0456\u043d\u043d\u0438\u0446\u044f - \u0425\u0430\u0440\u043a\u0456\u0432", "train": "001", "stations": [23, 26, 34, 35, 38]}}, {"model": "study_db.way", "pk": 36, "fields": {"name": "\u0420\u0456\u0432\u043d\u0435 - \u0425\u0430\u0440\u043a\u0456\u0432", "train": "306", "stations": [20, 21, 34, 35, 42]}}, {"model": "study_db.way", "pk": 37, "fields": {"name": "\u041f\u043e\u043b\u0442\u0430\u0432\u0430 - \u041c\u0430\u0440\u0456\u0443\u043f\u043e\u043b\u044c", "train": "205", "stations": [27, 28, 32, 34]}}, {"model": "study_db.way", "pk": 38, "fields": {"name": "\u0422\u0435\u0440\u043d\u043e\u043f\u0456\u043b\u044c - \u0425\u0435\u0440\u0441\u043e\u043d", "train": "298", "stations": [23, 24, 26, 30, 31, 41]}}, {"model": "study_db.way", "pk": 39, "fields": {"name": "\u0406\u0432\u0430\u043d\u043e-\u0424\u0440\u0430\u043d\u043a\u0456\u0432\u0441\u044c\u043a - \u041a\u0438\u0457\u0432", "train": "145", "stations": [16, 21, 24, 42]}}, {"model": "study_db.way", "pk": 40, "fields": {"name": "\u0414\u043d\u0456\u043f\u0440\u043e - \u041c\u0430\u0440\u0456\u0443\u043f\u043e\u043b\u044c", "train": "502", "stations": [27, 28, 32]}}, {"model": "study_db.way", "pk": 41, "fields": {"name": "\u0417\u0430\u043f\u043e\u0440\u0456\u0436\u0436\u044f - \u0421\u0443\u043c\u0438", "train": "997", "stations": [28, 34, 36]}}, {"model": "study_db.way", "pk": 42, "fields": {"name": "\u041a\u0438\u0457\u0432 - \u0412\u0456\u043d\u043d\u0438\u0446\u044f", "train": "887", "stations": [22, 23, 42]}}, {"model": "study_db.way", "pk": 43, "fields": {"name": "\u041a\u0440\u0438\u0432\u0438\u0439 \u0420\u0456\u0433 - \u041e\u0434\u0435\u0441\u0430", "train": "702", "stations": [29, 30, 33]}}, {"model": "study_db.way", "pk": 44, "fields": {"name": "\u0425\u0430\u0440\u043a\u0456\u0432 - \u0427\u0435\u0440\u043d\u0456\u0433\u0456\u0432", "train": "946", "stations": [25, 35, 36]}}, {"model": "study_db.way", "pk": 45, "fields": {"name": "\u0425\u0430\u0440\u043a\u0456\u0432 - \u041f\u043e\u043b\u0442\u0430\u0432\u0430", "train": "444", "stations": [34, 35]}}, {"model": "study_db.way", "pk": 46, "fields": {"name": "\u0425\u0430\u0440\u043a\u0456\u0432 - \u041e\u0434\u0435\u0441\u0430", "train": "512", "stations": [27, 29, 30, 33, 35]}}, {"model": "study_db.station", "pk": 14, "fields": {"station_name": "\u041b\u0443\u0446\u044c\u043a", "departure": "2020-04-17T06:00:00Z", "arival": "2020-04-17T12:00:00Z"}}, {"model": "study_db.station", "pk": 15, "fields": {"station_name": "\u041b\u044c\u0432\u0456\u0432", "departure": "2020-04-17T12:00:00Z", "arival": "2020-04-17T15:00:00Z"}}, {"model": "study_db.station", "pk": 16, "fields": {"station_name": "\u0406\u0432\u0430\u043d\u043e-\u0424\u0440\u0430\u043d\u043a\u0456\u0432\u0441\u044c\u043a", "departure": "2020-04-17T15:45:05Z", "arival": "2020-04-17T17:30:00Z"}}, {"model": "study_db.station", "pk": 17, "fields": {"station_name": "\u0423\u0436\u0433\u043e\u0440\u043e\u0434", "departure": "2020-04-17T03:45:46Z", "arival": "2020-04-17T03:45:48Z"}}, {"model": "study_db.station", "pk": 18, "fields": {"station_name": "\u0427\u043e\u043f", "departure": "2020-04-17T13:46:05Z", "arival": "2020-04-17T16:30:00Z"}}, {"model": "study_db.station", "pk": 19, "fields": {"station_name": "\u0427\u0435\u0440\u043d\u0456\u0432\u0446\u0456", "departure": "2020-04-17T06:00:00Z", "arival": "2020-04-17T09:00:00Z"}}, {"model": "study_db.station", "pk": 20, "fields": {"station_name": "\u0420\u0456\u0432\u043d\u0435", "departure": "2020-04-17T04:00:00Z", "arival": "2020-04-17T06:47:27Z"}}, {"model": "study_db.station", "pk": 21, "fields": {"station_name": "\u0416\u0438\u0442\u043e\u043c\u0438\u0440", "departure": "2020-04-17T11:20:00Z", "arival": "2020-04-17T14:27:00Z"}}, {"model": "study_db.station", "pk": 22, "fields": {"station_name": "\u0411\u0456\u043b\u0430 \u0426\u0435\u0440\u043a\u0432\u0430", "departure": "2020-04-17T10:15:00Z", "arival": "2020-04-17T13:55:00Z"}}, {"model": "study_db.station", "pk": 23, "fields": {"station_name": "\u0412\u0456\u043d\u043d\u0438\u0446\u044f", "departure": "2020-04-17T03:50:01Z", "arival": "2020-04-17T07:00:00Z"}}, {"model": "study_db.station", "pk": 24, "fields": {"station_name": "\u0425\u043c\u0435\u043b\u044c\u043d\u0438\u0446\u044c\u043a\u0438\u0439", "departure": "2020-04-17T06:00:00Z", "arival": "2020-04-17T11:00:00Z"}}, {"model": "study_db.station", "pk": 25, "fields": {"station_name": "\u0427\u0435\u0440\u043d\u0456\u0433\u0456\u0432", "departure": "2020-04-17T03:51:11Z", "arival": "2020-04-17T03:51:13Z"}}, {"model": "study_db.station", "pk": 26, "fields": {"station_name": "\u041a\u0440\u043e\u043f\u0438\u0432\u043d\u0438\u0446\u044c\u043a\u0438\u0439", "departure": "2020-04-17T03:51:32Z", "arival": "2020-04-17T03:51:33Z"}}, {"model": "study_db.station", "pk": 27, "fields": {"station_name": "\u0414\u043d\u0456\u043f\u0440\u043e", "departure": "2020-04-17T03:51:41Z", "arival": "2020-04-17T03:51:43Z"}}, {"model": "study_db.station", "pk": 28, "fields": {"station_name": "\u0417\u0430\u043f\u043e\u0440\u0456\u0436\u0436\u044f", "departure": "2020-04-17T03:51:51Z", "arival": "2020-04-17T03:51:53Z"}}, {"model": "study_db.station", "pk": 29, "fields": {"station_name": "\u041e\u0434\u0435\u0441\u0430", "departure": "2020-04-17T03:52:08Z", "arival": "2020-04-17T03:52:09Z"}}, {"model": "study_db.station", "pk": 30, "fields": {"station_name": "\u041c\u0438\u043a\u043e\u043b\u0430\u0457\u0432", "departure": "2020-04-17T03:52:32Z", "arival": "2020-04-17T03:52:33Z"}}, {"model": "study_db.station", "pk": 31, "fields": {"station_name": "\u0425\u0435\u0440\u0441\u043e\u043d", "departure": "2020-04-17T03:53:01Z", "arival": "2020-04-17T03:53:02Z"}}, {"model": "study_db.station", "pk": 32, "fields": {"station_name": "\u041c\u0430\u0440\u0456\u0443\u043f\u043e\u043b\u044c", "departure": "2020-04-17T03:53:18Z", "arival": "2020-04-17T03:53:20Z"}}, {"model": "study_db.station", "pk": 33, "fields": {"station_name": "\u041a\u0440\u0438\u0432\u0438\u0439 \u0420\u0456\u0433", "departure": "2020-04-17T03:53:47Z", "arival": "2020-04-17T03:53:48Z"}}, {"model": "study_db.station", "pk": 34, "fields": {"station_name": "\u041f\u043e\u043b\u0442\u0430\u0432\u0430", "departure": "2020-04-17T03:54:04Z", "arival": "2020-04-17T03:54:05Z"}}, {"model": "study_db.station", "pk": 35, "fields": {"station_name": "\u0425\u0430\u0440\u043a\u0456\u0432", "departure": "2020-04-17T03:54:19Z", "arival": "2020-04-17T03:54:20Z"}}, {"model": "study_db.station", "pk": 36, "fields": {"station_name": "\u0421\u0443\u043c\u0438", "departure": "2020-04-17T03:54:42Z", "arival": "2020-04-17T03:54:44Z"}}, {"model": "study_db.station", "pk": 37, "fields": {"station_name": "\u0423\u043c\u0430\u043d\u044c", "departure": "2020-04-17T03:55:02Z", "arival": "2020-04-17T03:55:04Z"}}, {"model": "study_db.station", "pk": 38, "fields": {"station_name": "\u041a\u0440\u0435\u043c\u0435\u043d\u0447\u0443\u043a", "departure": "2020-04-17T03:55:12Z", "arival": "2020-04-17T03:55:13Z"}}, {"model": "study_db.station", "pk": 39, "fields": {"station_name": "\u041c\u0438\u0440\u0433\u043e\u0440\u043e\u0434", "departure": "2020-04-17T03:55:46Z", "arival": "2020-04-17T03:55:47Z"}}, {"model": "study_db.station", "pk": 40, "fields": {"station_name": "\u041a\u043e\u0432\u0435\u043b\u044c", "departure": "2020-04-17T04:04:05Z", "arival": "2020-04-17T04:04:06Z"}}, {"model": "study_db.station", "pk": 41, "fields": {"station_name": "\u0422\u0435\u0440\u043d\u043e\u043f\u0456\u043b\u044c", "departure": "2020-04-17T04:14:05Z", "arival": "2020-04-17T04:14:08Z"}}, {"model": "study_db.station", "pk": 42, "fields": {"station_name": "\u041a\u0438\u0457\u0432", "departure": "2020-04-17T04:14:31Z", "arival": "2020-04-17T04:14:32Z"}}, {"model": "study_db.station", "pk": 43, "fields": {"station_name": "\u0427\u0435\u0440\u043a\u0430\u0441\u0438", "departure": "2020-04-17T04:15:30Z", "arival": "2020-04-17T04:15:31Z"}}, {"model": "study_db.ticket", "pk": 6, "fields": {"number": "000025461", "price": 70, "date_purchase": "2020-04-09T04:53:02Z", "destination": "\u041b\u044c\u0432\u0456\u0432 - \u0406\u0432\u0430\u043d\u043e_\u0444\u0440\u0430\u043d\u043a\u0456\u0432\u0441\u044c\u043a", "place_type": "\u0417\u0430\u0433\u0430\u043b\u044c\u043d\u0438\u0439", "first": "2020-04-09T07:00:00Z", "carriage": 7, "service": "\u041f\u043e\u0441\u0442\u0456\u043b\u044c\u043d\u0430 \u0431\u0456\u043b\u0438\u0437\u043d\u0430", "number_of_place": 32, "type_of_ticket": "\u041f\u043e\u0432\u043d\u0438\u0439"}}, {"model": "study_db.ticket", "pk": 7, "fields": {"number": "000025478", "price": 152, "date_purchase": "2020-04-01T00:00:00Z", "destination": "\u041a\u043e\u0432\u0435\u043b\u044c - \u0427\u0435\u0440\u043d\u0456\u0432\u0446\u0456", "place_type": "\u0417\u0430\u0433\u0430\u043b\u044c\u043d\u0438\u0439", "first": "2020-04-01T06:00:00Z", "carriage": 9, "service": "\u0413\u0430\u0440\u044f\u0447\u0456 \u043d\u0430\u043f\u043e\u0457", "number_of_place": 39, "type_of_ticket": "\u041f\u043e\u0432\u043d\u0438\u0439"}}, {"model": "study_db.ticket", "pk": 8, "fields": {"number": "000025444", "price": 68, "date_purchase": "2020-04-03T06:00:00Z", "destination": "\u041b\u044c\u0432\u0456\u0432 - \u0427\u043e\u043f", "place_type": "\u041f\u043b\u0430\u0446\u043a\u0430\u0440\u0442\u043d\u0438\u0439", "first": "2020-04-03T11:00:00Z", "carriage": 1, "service": "\u0412\u043e\u0434\u0430", "number_of_place": 41, "type_of_ticket": "\u0421\u0442\u0443\u0434\u0435\u043d\u0442\u0441\u044c\u043a\u0438\u0439 \u043a\u0432\u0438\u0442\u043e\u043a"}}, {"model": "study_db.ticket", "pk": 9, "fields": {"number": "000035444", "price": 423, "date_purchase": "2020-04-04T03:00:00Z", "destination": "\u041b\u044c\u0432\u0456\u0432 - \u041a\u0438\u0457\u0432", "place_type": "\u041a\u0443\u043f\u0435\u0439\u043d\u0438\u0439", "first": "2020-04-04T11:45:00Z", "carriage": 3, "service": "\u041f\u043e\u0441\u0442\u0456\u043b\u044c\u043d\u0430 \u0431\u0456\u043b\u0438\u0437\u043d\u0430", "number_of_place": 22, "type_of_ticket": "\u041f\u043e\u0432\u043d\u0438\u0439"}}, {"model": "study_db.ticket", "pk": 10, "fields": {"number": "000035354", "price": 1237, "date_purchase": "2020-04-05T20:15:00Z", "destination": "\u041b\u044c\u0432\u0456\u0432 - \u0412\u0456\u043d\u043d\u0438\u0446\u044f", "place_type": "\u0421\u0432", "first": "2020-04-06T00:35:00Z", "carriage": 5, "service": "\u041f\u043e\u0441\u0442\u0456\u043b\u044c\u043d\u0430 \u0431\u0456\u043b\u0438\u0437\u043d\u0430", "number_of_place": 17, "type_of_ticket": "\u041f\u043e\u0432\u043d\u0438\u0439"}}, {"model": "study_db.ticket", "pk": 11, "fields": {"number": "000035376", "price": 106, "date_purchase": "2020-04-05T05:15:00Z", "destination": "\u0427\u0435\u0440\u043d\u0456\u0432\u0446\u0456 - \u041a\u0438\u0457\u0432", "place_type": "\u041f\u043b\u0430\u0446\u043a\u0430\u0440\u0442\u043d\u0438\u0439", "first": "2020-04-05T11:50:00Z", "carriage": 9, "service": "\u0413\u0430\u0440\u044f\u0447\u0456 \u043d\u0430\u043f\u043e\u0457", "number_of_place": 6, "type_of_ticket": "\u041f\u0456\u043b\u044c\u0433\u043e\u0432\u0438\u0439"}}, {"model": "study_db.ticket", "pk": 12, "fields": {"number": "000035123", "price": 1567, "date_purchase": "2020-04-05T22:25:00Z", "destination": "\u0427\u0435\u0440\u043d\u0456\u0432\u0446\u0456 - \u041e\u0434\u0435\u0441\u0430", "place_type": "\u041b\u044e\u043a\u0441", "first": "2020-04-06T09:30:00Z", "carriage": 4, "service": "\u041f\u043e\u0441\u0442\u0456\u043b\u044c\u043d\u0430 \u0431\u0456\u043b\u0438\u0437\u043d\u0430", "number_of_place": 6, "type_of_ticket": "\u041f\u043e\u0432\u043d\u0438\u0439"}}, {"model": "study_db.ticket", "pk": 13, "fields": {"number": "000035987", "price": 356, "date_purchase": "2020-04-06T21:24:00Z", "destination": "\u0425\u043c\u0435\u043b\u044c\u043d\u0438\u0446\u044c\u043a\u0438\u0457 - \u041a\u0438\u0457\u0432", "place_type": "\u041a\u0443\u043f\u0435\u0439\u043d\u0438\u0439", "first": "2020-04-07T04:20:00Z", "carriage": 7, "service": "\u041f\u043e\u0441\u0442\u0456\u043b\u044c\u043d\u0430 \u0431\u0456\u043b\u0438\u0437\u043d\u0430", "number_of_place": 28, "type_of_ticket": "\u041f\u043e\u0432\u043d\u0438\u0439"}}, {"model": "study_db.ticket", "pk": 14, "fields": {"number": "000035543", "price": 132, "date_purchase": "2020-04-06T21:50:00Z", "destination": "\u041a\u043e\u0432\u0435\u043b\u044c - \u041a\u0438\u0457\u0432", "place_type": "\u041f\u043b\u0430\u0446\u043a\u0430\u0440\u0442\u043d\u0438\u0439", "first": "2020-04-07T07:32:00Z", "carriage": 11, "service": "\u041f\u043e\u0441\u0442\u0456\u043b\u044c\u043d\u0430 \u0431\u0456\u043b\u0438\u0437\u043d\u0430", "number_of_place": 42, "type_of_ticket": "\u041f\u0456\u043b\u044c\u0433\u043e\u0432\u0438\u0439"}}, {"model": "study_db.ticket", "pk": 15, "fields": {"number": "000035398", "price": 974, "date_purchase": "2020-04-07T22:30:00Z", "destination": "\u041a\u043e\u0432\u0435\u043b\u044c - \u041e\u0434\u0435\u0441\u0430", "place_type": "\u0421\u0432", "first": "2020-04-08T09:48:00Z", "carriage": 4, "service": "\u041f\u043e\u0441\u0442\u0456\u043b\u044c\u043d\u0430 \u0431\u0456\u043b\u0438\u0437\u043d\u0430", "number_of_place": 2, "type_of_ticket": "\u041f\u043e\u0432\u043d\u0438\u0439"}}, {"model": "study_db.ticket", "pk": 16, "fields": {"number": "000035745", "price": 1368, "date_purchase": "2020-04-06T20:15:00Z", "destination": "\u041a\u0438\u0457\u0432 - \u041e\u0434\u0435\u0441\u0430", "place_type": "\u041b\u044e\u043a\u0441", "first": "2020-04-07T04:45:00Z", "carriage": 5, "service": "\u041f\u043e\u0441\u0442\u0456\u043b\u044c\u043d\u0430 \u0431\u0456\u043b\u0438\u0437\u043d\u0430", "number_of_place": 17, "type_of_ticket": "\u041f\u043e\u0432\u043d\u0438\u0439"}}, {"model": "study_db.ticket", "pk": 17, "fields": {"number": "000035354", "price": 64, "date_purchase": "2020-04-08T08:30:00Z", "destination": "\u041a\u0438\u0457\u0432 - \u0427\u0435\u0440\u043a\u0430\u0441\u0438", "place_type": "\u0417\u0430\u0433\u0430\u043b\u044c\u043d\u0438\u0439", "first": "2020-04-08T14:10:00Z", "carriage": 10, "service": " ", "number_of_place": 40, "type_of_ticket": "\u041f\u0456\u043b\u044c\u0433\u043e\u0432\u0438\u0439"}}, {"model": "study_db.ticket", "pk": 18, "fields": {"number": "000025443", "price": 89, "date_purchase": "2020-04-09T04:53:02Z", "destination": "\u041a\u0438\u0457\u0432 - \u0427\u0435\u0440\u043d\u0456\u0433\u0432", "place_type": "\u0417\u0430\u0433\u0430\u043b\u044c\u043d\u0438\u0439", "first": "2020-04-09T09:20:00Z", "carriage": 13, "service": "\u0413\u0430\u0440\u044f\u0447\u0456 \u043d\u0430\u043f\u043e\u0457", "number_of_place": 33, "type_of_ticket": "\u0421\u0442\u0443\u0434\u0435\u043d\u0442\u0441\u044c\u043a\u0438\u0439 \u043a\u0432\u0438\u0442\u043e\u043a"}}, {"model": "study_db.ticket", "pk": 19, "fields": {"number": "000035345", "price": 298, "date_purchase": "2020-04-08T23:15:00Z", "destination": "\u041a\u0438\u0457\u0432 - \u0425\u0430\u0440\u043a\u0456\u0432", "place_type": "\u041a\u0443\u043f\u0435\u0439\u043d\u0438\u0439", "first": "2020-04-09T04:07:00Z", "carriage": 10, "service": "\u041f\u043e\u0441\u0442\u0456\u043b\u044c\u043d\u0430 \u0431\u0456\u043b\u0438\u0437\u043d\u0430", "number_of_place": 4, "type_of_ticket": "\u041f\u043e\u0432\u043d\u0438\u0439"}}, {"model": "study_db.ticket", "pk": 20, "fields": {"number": "000035433", "price": 178, "date_purchase": "2020-04-09T13:40:00Z", "destination": "\u041a\u0438\u0457\u0432 -  \u041f\u043e\u043b\u0442\u0430\u0432\u0430", "place_type": "\u041f\u043b\u0430\u0446\u043a\u0430\u0440\u0442\u043d\u0438\u0439", "first": "2020-04-09T21:50:00Z", "carriage": 14, "service": "\u041f\u043e\u0441\u0442\u0456\u043b\u044c\u043d\u0430 \u0431\u0456\u043b\u0438\u0437\u043d\u0430", "number_of_place": 42, "type_of_ticket": "\u041f\u043e\u0432\u043d\u0438\u0439"}}, {"model": "study_db.ticket", "pk": 21, "fields": {"number": "000047376", "price": 919, "date_purchase": "2020-04-10T20:00:00Z", "destination": "\u041a\u0438\u0457\u0432 - \u0414\u043d\u0456\u043f\u0440\u043e", "place_type": "\u041b\u044e\u043a\u0441", "first": "2020-04-11T03:32:00Z", "carriage": 12, "service": "\u041f\u043e\u0441\u0442\u0456\u043b\u044c\u043d\u0430 \u0431\u0456\u043b\u0438\u0437\u043d\u0430", "number_of_place": 6, "type_of_ticket": "\u041f\u043e\u0432\u043d\u0438\u0439"}}, {"model": "study_db.ticket", "pk": 22, "fields": {"number": "000025743", "price": 72, "date_purchase": "2020-04-10T10:00:00Z", "destination": "\u0414\u043d\u0456\u043f\u0440\u043e - \u0417\u0430\u043f\u043e\u0440\u0456\u0436\u0436\u044f", "place_type": "\u041f\u043b\u0430\u0446\u043a\u0430\u0440\u0442\u043d\u0438\u0439", "first": "2020-04-10T14:45:00Z", "carriage": 15, "service": "\u0412\u043e\u0434\u0430", "number_of_place": 31, "type_of_ticket": "\u041f\u0456\u043b\u044c\u0433\u043e\u0432\u0438\u0439"}}, {"model": "study_db.ticket", "pk": 23, "fields": {"number": "000015461", "price": 648, "date_purchase": "2020-04-09T22:55:00Z", "destination": "\u0414\u043d\u0456\u043f\u0440\u043e - \u041e\u0434\u0435\u0441\u0430", "place_type": "\u0421\u0432", "first": "2020-04-10T05:50:00Z", "carriage": 3, "service": "\u041f\u043e\u0441\u0442\u0456\u043b\u044c\u043d\u0430 \u0431\u0456\u043b\u0438\u0437\u043d\u0430", "number_of_place": 9, "type_of_ticket": "\u041f\u043e\u0432\u043d\u0438\u0439"}}, {"model": "study_db.ticket", "pk": 24, "fields": {"number": "000036527", "price": 342, "date_purchase": "2020-04-04T19:20:00Z", "destination": "\u041a\u0440\u043e\u043f\u0438\u0432\u043d\u0438\u0446\u044c\u043a\u0438\u0439 - \u041e\u0434\u0435\u0441\u0430", "place_type": "\u041a\u0443\u043f\u0435\u0439\u043d\u0438\u0439", "first": "2020-04-05T03:15:00Z", "carriage": 2, "service": "\u041f\u043e\u0441\u0442\u0456\u043b\u044c\u043d\u0430 \u0431\u0456\u043b\u0438\u0437\u043d\u0430", "number_of_place": 20, "type_of_ticket": "\u041f\u043e\u0432\u043d\u0438\u0439"}}, {"model": "study_db.ticket", "pk": 25, "fields": {"number": "000025411", "price": 1167, "date_purchase": "2020-04-01T22:05:00Z", "destination": "\u0412\u0456\u043d\u043d\u0438\u0446\u044f - \u0425\u0430\u0440\u043a\u0456\u0432", "place_type": "\u041b\u044e\u043a\u0441", "first": "2020-04-02T07:22:00Z", "carriage": 5, "service": "\u041f\u043e\u0441\u0442\u0456\u043b\u044c\u043d\u0430 \u0431\u0456\u043b\u0438\u0437\u043d\u0430", "number_of_place": 7, "type_of_ticket": "\u041f\u0456\u043b\u044c\u0433\u043e\u0432\u0438\u0439"}}, {"model": "study_db.ticket", "pk": 26, "fields": {"number": "000035346", "price": 215, "date_purchase": "2020-04-04T17:32:00Z", "destination": "\u0420\u0456\u0432\u043d\u0435 - \u0425\u0430\u0440\u043a\u0456\u0432", "place_type": "\u041f\u043b\u0430\u0446\u043a\u0430\u0440\u0442\u043d\u0438\u0439", "first": "2020-04-05T07:54:00Z", "carriage": 1, "service": "\u041f\u043e\u0441\u0442\u0456\u043b\u044c\u043d\u0430 \u0431\u0456\u043b\u0438\u0437\u043d\u0430", "number_of_place": 42, "type_of_ticket": "\u041f\u043e\u0432\u043d\u0438\u0439"}}, {"model": "study_db.ticket", "pk": 27, "fields": {"number": "000007061", "price": 887, "date_purchase": "2020-04-11T12:00:00Z", "destination": "\u041f\u043e\u043b\u0442\u0430\u0432\u0430 - \u041c\u0430\u0440\u0456\u0443\u043f\u043e\u043b\u044c", "place_type": "\u041b\u044e\u043a\u0441", "first": "2020-04-11T19:10:00Z", "carriage": 3, "service": "\u041f\u043e\u0441\u0442\u0456\u043b\u044c\u043d\u0430 \u0431\u0456\u043b\u0438\u0437\u043d\u0430", "number_of_place": 14, "type_of_ticket": "\u041f\u043e\u0432\u043d\u0438\u0439"}}, {"model": "study_db.ticket", "pk": 28, "fields": {"number": "000035341", "price": 412, "date_purchase": "2020-04-07T20:15:00Z", "destination": "\u0422\u0435\u0440\u043d\u043e\u043f\u0456\u043b\u044c - \u0425\u0435\u0440\u0441\u043e\u043d", "place_type": "\u041a\u0443\u043f\u0435\u0439\u043d\u0438\u0439", "first": "2020-04-08T04:40:00Z", "carriage": 5, "service": "\u0412\u043e\u0434\u0430", "number_of_place": 19, "type_of_ticket": "\u041f\u043e\u0432\u043d\u0438\u0439"}}, {"model": "study_db.ticket", "pk": 29, "fields": {"number": "000079478", "price": 766, "date_purchase": "2020-04-09T23:15:00Z", "destination": "\u0406\u0432\u0430\u043d\u043e-\u0424\u0440\u0430\u043d\u043a\u0456\u0432\u0441\u044c\u043a - \u041a\u0438\u0457\u0432", "place_type": "\u0421\u0432", "first": "2020-04-10T05:30:00Z", "carriage": 7, "service": "\u041f\u043e\u0441\u0442\u0456\u043b\u044c\u043d\u0430 \u0431\u0456\u043b\u0438\u0437\u043d\u0430", "number_of_place": 23, "type_of_ticket": "\u041f\u043e\u0432\u043d\u0438\u0439"}}, {"model": "study_db.ticket", "pk": 30, "fields": {"number": "000035620", "price": 98, "date_purchase": "2020-04-04T06:43:00Z", "destination": "\u0414\u043d\u0456\u043f\u0440\u043e - \u041c\u0430\u0440\u0456\u0443\u043f\u043e\u043b\u044c", "place_type": "\u041f\u043b\u0430\u0446\u043a\u0430\u0440\u0442\u043d\u0438\u0439", "first": "2020-04-04T11:49:00Z", "carriage": 11, "service": "\u0413\u0430\u0440\u044f\u0447\u0456 \u043d\u0430\u043f\u043e\u0457", "number_of_place": 36, "type_of_ticket": "\u0421\u0442\u0443\u0434\u0435\u043d\u0442\u0441\u044c\u043a\u0438\u0439 \u043a\u0432\u0438\u0442\u043e\u043a"}}, {"model": "study_db.ticket", "pk": 31, "fields": {"number": "000034476", "price": 380, "date_purchase": "2020-04-11T20:15:00Z", "destination": "\u0417\u0430\u043f\u043e\u0440\u0456\u0436\u0436\u044f - \u0421\u0443\u043c\u0438", "place_type": "\u041a\u0443\u043f\u0435\u0439\u043d\u0438\u0439", "first": "2020-04-12T03:30:00Z", "carriage": 4, "service": "\u041f\u043e\u0441\u0442\u0456\u043b\u044c\u043d\u0430 \u0431\u0456\u043b\u0438\u0437\u043d\u0430", "number_of_place": 25, "type_of_ticket": "\u041f\u043e\u0432\u043d\u0438\u0439"}}, {"model": "study_db.ticket", "pk": 32, "fields": {"number": "000098712", "price": 102, "date_purchase": "2020-04-15T18:20:00Z", "destination": "\u041a\u0438\u0457\u0432 - \u0412\u0456\u043d\u043d\u0438\u0446\u044f", "place_type": "\u041f\u043b\u0430\u0446\u043a\u0430\u0440\u0442\u043d\u0438\u0439", "first": "2020-04-16T02:48:00Z", "carriage": 2, "service": " ", "number_of_place": 30, "type_of_ticket": "\u0421\u0442\u0443\u0434\u0435\u043d\u0442\u0441\u044c\u043a\u0438\u0439 \u043a\u0432\u0438\u0442\u043e\u043a"}}, {"model": "study_db.ticket", "pk": 33, "fields": {"number": "000035923", "price": 319, "date_purchase": "2020-04-08T06:40:00Z", "destination": "\u041a\u0440\u0438\u0432\u0438\u0439 \u0420\u0456\u0433 - \u041e\u0434\u0435\u0441\u0430", "place_type": "\u041a\u0443\u043f\u0435\u0439\u043d\u0438\u0439", "first": "2020-04-08T13:20:00Z", "carriage": 6, "service": "\u041f\u043e\u0441\u0442\u0456\u043b\u044c\u043d\u0430 \u0431\u0456\u043b\u0438\u0437\u043d\u0430", "number_of_place": 22, "type_of_ticket": "\u041f\u043e\u0432\u043d\u0438\u0439"}}, {"model": "study_db.ticket", "pk": 34, "fields": {"number": "000045354", "price": 54, "date_purchase": "2020-04-09T20:15:00Z", "destination": "\u0425\u0430\u0440\u043a\u0456\u0432 - \u0427\u0435\u0440\u043d\u0456\u0433\u0456\u0432", "place_type": "\u0417\u0430\u0433\u0430\u043b\u044c\u043d\u0438\u0439", "first": "2020-04-10T03:20:00Z", "carriage": 11, "service": "\u0412\u043e\u0434\u0430", "number_of_place": 23, "type_of_ticket": "\u041f\u0456\u043b\u044c\u0433\u043e\u0432\u0438\u0439"}}, {"model": "study_db.ticket", "pk": 35, "fields": {"number": "000014461", "price": 729, "date_purchase": "2020-04-09T23:47:00Z", "destination": "\u0425\u0430\u0440\u043a\u0456\u0432 - \u041f\u043e\u043b\u0442\u0430\u0432\u0430", "place_type": "\u041b\u044e\u043a\u0441", "first": "2020-04-10T04:43:00Z", "carriage": 4, "service": "\u041f\u043e\u0441\u0442\u0456\u043b\u044c\u043d\u0430 \u0431\u0456\u043b\u0438\u0437\u043d\u0430", "number_of_place": 17, "type_of_ticket": "\u041f\u043e\u0432\u043d\u0438\u0439"}}, {"model": "study_db.ticket", "pk": 36, "fields": {"number": "000098745", "price": 1052, "date_purchase": "2020-04-03T21:45:00Z", "destination": "\u0425\u0430\u0440\u043a\u0456\u0432 - \u041e\u0434\u0435\u0441\u0430", "place_type": "\u041b\u044e\u043a\u0441", "first": "2020-04-04T05:32:00Z", "carriage": 5, "service": "\u041f\u043e\u0441\u0442\u0456\u043b\u044c\u043d\u0430 \u0431\u0456\u043b\u0438\u0437\u043d\u0430", "number_of_place": 9, "type_of_ticket": "\u041f\u043e\u0432\u043d\u0438\u0439"}}, {"model": "study_db.ticket", "pk": 37, "fields": {"number": "0221", "price": 250, "date_purchase": "2020-04-17T10:29:43Z", "destination": "\u041a\u0438\u0457\u0432 - \u0425\u0430\u0440\u043a\u0456\u0432", "place_type": "\u041f\u043b\u0430\u0446\u043a\u0430\u0440\u0442\u043d\u0438\u0439", "first": "2020-04-04T10:29:53Z", "carriage": 12, "service": "\u041f\u043e\u0441\u0442\u0456\u043b\u044c\u043d\u0430 \u0431\u0456\u043b\u0438\u0437\u043d\u0430", "number_of_place": 21, "type_of_ticket": "\u041f\u043e\u0432\u043d\u0438\u0439"}}]
